S2514,chr1,877831,877831,T,C,HOM,exonic,SAMD11,nonsynonymous SNV,"SAMD11:NM_152486:exon10:c.T1027C:p.W343R,",1,.,RS6672356,.,0.9928,256_hom,.,PASS,222,"DP=21;VDB=0.0278;AF1=1;AC1=2;DP4=0,0,11,10;MQ=60;FQ=-90",GT:PL:DP:SP:GQ,"1/1:255,63,0:21:0:99"
S2514,chr1,888659,888659,T,C,HET,exonic,NOC2L,nonsynonymous SNV,"NOC2L:NM_015658:exon9:c.A898G:p.I300V,",0.58,.,RS3748597,0.92733,0.9282,586_hom,72_het,PASS,225,"DP=259;VDB=0.0226;AF1=0.5;AC1=1;DP4=61,75,58,62;MQ=60;FQ=225;PV4=0.62,1,1,1",GT:PL:DP:SP:GQ,"0/1:255,0,255:256:2:99"
S2514,chr1,889238,889238,G,A,HET,exonic,NOC2L,nonsynonymous SNV,"NOC2L:NM_015658:exon8:c.C812T:p.A271V,",0.08,.,RS3828049,0.047216,0.054,4_hom,62_het,PASS,197,"DP=138;VDB=0.0210;AF1=0.5;AC1=1;DP4=50,31,38,19;MQ=60;FQ=200;PV4=0.59,0.13,1,1",GT:PL:DP:SP:GQ,"0/1:227,0,255:138:2:99"
S2514,chr1,911595,911595,A,G,HOM,exonic,PERM1,nonsynonymous SNV,"PERM1:NM_001291366:exon4:c.T2330C:p.V777A,PERM1:NM_001291367:exon5:c.T2048C:p.V683A,",0.06,.,RS7417106,.,0.7344,65_hom,40_het,PASS,222,"DP=103;VDB=0.0224;AF1=1;AC1=2;DP4=0,0,56,47;MQ=60;FQ=-282",GT:PL:DP:SP:GQ,"1/1:255,255,0:103:0:99"
S2514,chr1,914876,914876,T,C,HOM,exonic,PERM1,nonsynonymous SNV,"PERM1:NM_001291366:exon2:c.A1534G:p.S512G,PERM1:NM_001291367:exon3:c.A1252G:p.S418G,",0.22,.,RS13302983,.,0.9559,276_hom,16_het,PASS,222,"DP=239;VDB=0.0257;AF1=1;AC1=2;DP4=0,0,132,104;MQ=60;FQ=-282",GT:PL:DP:SP:GQ,"1/1:255,255,0:236:0:99"
S2514,chr1,949608,949608,G,A,HOM,exonic,ISG15,nonsynonymous SNV,"ISG15:NM_005101:exon2:c.G248A:p.S83N,",0.39,.,.,0.401584,0.3404,92_hom,295_het,PASS,222,"DP=215;VDB=0.0268;AF1=1;AC1=2;DP4=2,1,105,107;MQ=60;FQ=-282;PV4=0.62,0.13,1,1",GT:PL:DP:SP:GQ,"1/1:255,255,0:215:2:99"
S2514,chr1,1179817,1179817,G,C,HET,exonic,FAM132A,nonsynonymous SNV,"FAM132A:NM_001014980:exon2:c.C238G:p.R80G,",0.18,.,.,0.000077,.,.,.,PASS,225,"DP=143;VDB=0.0271;AF1=0.5;AC1=1;DP4=32,40,31,38;MQ=60;FQ=225;PV4=1,0.28,1,0.34",GT:PL:DP:SP:GQ,"0/1:255,0,255:141:0:99"
S2514,chr1,1269554,1269554,T,C,HOM,exonic,TAS1R3,nonsynonymous SNV,"TAS1R3:NM_152228:exon6:c.T2269C:p.C757R,",1,.,RS307377,0.977375,0.9597,534_hom,29_het,PASS,222,"DP=198;VDB=0.0178;AF1=1;AC1=2;DP4=0,0,109,88;MQ=60;FQ=-282",GT:PL:DP:SP:GQ,"1/1:255,255,0:197:0:99"
S2514,chr1,1551927,1551927,T,C,HOM,exonic,MIB2,nonsynonymous SNV,"MIB2:NM_001170688:exon2:c.T214C:p.F72L,MIB2:NM_080875:exon2:c.T214C:p.F72L,MIB2:NM_001170686:exon2:c.T214C:p.F72L,MIB2:NM_001170687:exon2:c.T214C:p.F72L,",1,.,RS7418389,0.670926,0.5083,232_hom,207_het,PASS,222,"DP=123;VDB=0.0261;AF1=1;AC1=2;DP4=0,0,67,55;MQ=60;FQ=-282",GT:PL:DP:SP:GQ,"1/1:255,255,0:122:0:99"
S2514,chr1,1558792,1558792,T,C,HOM,exonic,MIB2,nonsynonymous SNV,"MIB2:NM_001170688:exon3:c.T305C:p.M102T,MIB2:NM_080875:exon3:c.T305C:p.M102T,MIB2:NM_001170686:exon3:c.T305C:p.M102T,",0.94,.,RS12755088,0.885588,0.7552,341_hom,56_het,PASS,222,"DP=29;VDB=0.0241;AF1=1;AC1=2;DP4=0,0,18,11;MQ=60;FQ=-114",GT:PL:DP:SP:GQ,"1/1:255,87,0:29:0:99"
S2514,chr1,1599812,1599812,C,T,HET,exonic,SLC35E2B,nonsynonymous SNV,"SLC35E2B:NM_001290264:exon9:c.G934A:p.V312I,SLC35E2B:NM_001110781:exon8:c.G934A:p.V312I,",0.43,.,RS12729295,.,0.5381,33_hom,504_het,PASS,146,"DP=73;VDB=0.0267;AF1=0.5;AC1=1;DP4=35,16,12,10;MQ=47;FQ=149;PV4=0.29,1e-07,1,0.46",GT:PL:DP:SP:GQ,"0/1:176,0,246:73:5:99"
S2514,chr1,1650787,1650787,T,C,HET,exonic,"CDK11A,CDK11B",nonsynonymous SNV,"CDK11B:NM_033486:exon4:c.A335G:p.H112R,CDK11B:NM_001787:exon4:c.A335G:p.H112R,CDK11B:NM_033489:exon5:c.A233G:p.H78R,CDK11A:NM_024011:exon4:c.A335G:p.H112R,",1,.,RS1137003,.,0.4999,1_hom,543_het,PASS,208,"DP=52;VDB=0.0212;AF1=0.5;AC1=1;DP4=16,7,21,8;MQ=60;FQ=179;PV4=1,1,1,1",GT:PL:DP:SP:GQ,"0/1:238,0,206:52:0:99"
S2514,chr1,1650797,1650797,A,G,HET,exonic,"CDK11A,CDK11B",nonsynonymous SNV,"CDK11B:NM_033486:exon4:c.T325C:p.C109R,CDK11B:NM_001787:exon4:c.T325C:p.C109R,CDK11B:NM_033489:exon5:c.T223C:p.C75R,CDK11B:NM_001291345:exon4:c.T325C:p.W109R,CDK11A:NM_024011:exon4:c.T325C:p.C109R,CDK11A:NM_033529:exon4:c.T325C:p.W109R,",0.37,.,RS1059830,.,0.4994,1_hom,546_het,PASS,207,"DP=57;VDB=0.0219;AF1=0.5;AC1=1;DP4=18,9,22,8;MQ=60;FQ=201;PV4=0.77,1,1,1",GT:PL:DP:SP:GQ,"0/1:237,0,228:57:1:99"
S2514,chr1,1650832,1650832,A,G,HET,exonic,"CDK11A,CDK11B",nonsynonymous SNV,"CDK11B:NM_033486:exon4:c.T290C:p.V97A,CDK11B:NM_001787:exon4:c.T290C:p.V97A,CDK11B:NM_033489:exon5:c.T188C:p.V63A,CDK11B:NM_001291345:exon4:c.T290C:p.V97A,CDK11A:NM_024011:exon4:c.T290C:p.V97A,CDK11A:NM_033529:exon4:c.T290C:p.V97A,",0.66,.,RS72909030,.,0.4998,1_hom,547_het,PASS,225,"DP=77;VDB=0.0264;AF1=0.5;AC1=1;DP4=19,19,25,14;MQ=60;FQ=224;PV4=0.25,1,0.081,0.2",GT:PL:DP:SP:GQ,"0/1:255,0,254:77:6:99"
S2514,chr1,1849529,1849529,A,G,HOM,exonic,TMEM52,nonsynonymous SNV,"TMEM52:NM_178545:exon5:c.T422C:p.M141T,",0.17,.,.,0.370598,0.3867,155_hom,302_het,PASS,222,"DP=122;VDB=0.0273;AF1=1;AC1=2;DP4=0,0,60,61;MQ=60;FQ=-282",GT:PL:DP:SP:GQ,"1/1:255,255,0:121:0:99"
S2514,chr1,1887019,1887019,A,G,HOM,exonic,KIAA1751,stoploss SNV,"KIAA1751:NM_001080484:exon18:c.T2287C:p.X763Q,",0.58,.,RS28548017,0.808489,0.809,394_hom,180_het,PASS,222,"DP=109;VDB=0.0253;AF1=1;AC1=2;DP4=0,0,38,68;MQ=60;FQ=-282",GT:PL:DP:SP:GQ,"1/1:255,255,0:106:0:99"
S2514,chr1,2125172,2125172,G,A,HET,exonic,C1orf86,nonsynonymous SNV,"C1orf86:NM_001282670:exon7:c.C685T:p.P229S,C1orf86:NM_001256946:exon3:c.C376T:p.P126S,C1orf86:NM_182533:exon3:c.C376T:p.P126S,C1orf86:NM_001282673:exon3:c.C376T:p.P126S,",0.39,.,RS1058411,0.200458,0.1829,14_hom,120_het,PASS,224,"DP=142;VDB=0.0268;AF1=0.5;AC1=1;DP4=33,39,36,34;MQ=60;FQ=224;PV4=0.61,0.065,1,1",GT:PL:DP:SP:GQ,"0/1:254,0,255:142:2:99"
S2514,chr1,2441358,2441358,T,C,HET,exonic,PANK4,nonsynonymous SNV,"PANK4:NM_018216:exon18:c.A2051G:p.Q684R,",0.57,.,RS2494620,0.36988,0.3898,44_hom,217_het,PASS,225,"DP=93;VDB=0.0231;AF1=0.5;AC1=1;DP4=27,18,32,15;MQ=60;FQ=219;PV4=0.52,1,1,1",GT:PL:DP:SP:GQ,"0/1:255,0,246:92:3:99"
S2514,chr1,2488153,2488153,A,G,HOM,exonic,TNFRSF14,nonsynonymous SNV,"TNFRSF14:NM_003820:exon1:c.A50G:p.K17R,TNFRSF14:NM_001297605:exon1:c.A50G:p.K17R,",0.09,.,RS4870,0.558027,0.5453,153_hom,238_het,PASS,222,"DP=75;VDB=0.0203;AF1=1;AC1=2;DP4=0,0,21,51;MQ=60;FQ=-244",GT:PL:DP:SP:GQ,"1/1:255,217,0:72:0:99"
S2514,chr1,2494330,2494330,G,A,HET,exonic,TNFRSF14,nonsynonymous SNV,"TNFRSF14:NM_003820:exon7:c.G721A:p.V241I,",0.5,.,RS2234167,0.123328,0.1143,10_hom,159_het,PASS,208,"DP=214;VDB=0.0261;AF1=0.5;AC1=1;DP4=60,59,49,45;MQ=60;FQ=211;PV4=0.89,0.0037,1,0.067",GT:PL:DP:SP:GQ,"0/1:238,0,255:213:1:99"
S2514,chr1,2526746,2526746,A,G,HET,exonic,MMEL1,nonsynonymous SNV,"MMEL1:NM_033467:exon16:c.T1553C:p.M518T,",0.6,.,RS3748816,0.453175,0.4771,114_hom,284_het,PASS,225,"DP=222;VDB=0.0169;AF1=0.5;AC1=1;DP4=55,57,54,54;MQ=60;FQ=225;PV4=1,1,1,1",GT:PL:DP:SP:GQ,"0/1:255,0,255:220:0:99"
S2514,chr1,3328358,3328358,T,C,HOM,exonic,PRDM16,nonsynonymous SNV,"PRDM16:NM_022114:exon9:c.T1597C:p.S533P,PRDM16:NM_199454:exon9:c.T1597C:p.S533P,",0.51,.,RS870124,0.877738,0.924,453_hom,144_het,PASS,222,"DP=225;VDB=0.0269;AF1=1;AC1=2;DP4=0,0,124,98;MQ=60;FQ=-282",GT:PL:DP:SP:GQ,"1/1:255,255,0:222:0:99"
S2514,chr1,3389727,3389727,C,T,HOM,exonic,ARHGEF16,nonsynonymous SNV,"ARHGEF16:NM_014448:exon7:c.C1108T:p.H370Y,",0.09,.,RS2185639,0.735353,0.6929,477_hom,163_het,PASS,222,"DP=132;VDB=0.0200;AF1=1;AC1=2;DP4=0,0,70,62;MQ=60;FQ=-282",GT:PL:DP:SP:GQ,"1/1:255,255,0:132:0:99"
S2514,chr1,3413868,3413868,C,G,HET,exonic,MEGF6,nonsynonymous SNV,"MEGF6:NM_001409:exon27:c.G3410C:p.G1137A,",0.13,.,RS4648506,0.22164,0.2517,48_hom,137_het,PASS,225,"DP=87;VDB=0.0266;AF1=0.5;AC1=1;DP4=14,16,31,26;MQ=60;FQ=194;PV4=0.51,0.072,1,0.081",GT:PL:DP:SP:GQ,"0/1:255,0,221:87:3:99"
S2514,chr1,3416449,3416449,C,A,HOM,exonic,MEGF6,nonsynonymous SNV,"MEGF6:NM_001409:exon22:c.G2747T:p.R916L,",0.21,.,RS7553399,0.63742,0.5738,200_hom,111_het,PASS,222,"DP=49;VDB=0.0262;AF1=1;AC1=2;DP4=0,0,20,29;MQ=60;FQ=-175",GT:PL:DP:SP:GQ,"1/1:255,148,0:49:0:99"
S2514,chr1,3496479,3496479,T,C,HOM,exonic,MEGF6,nonsynonymous SNV,"MEGF6:NM_001409:exon4:c.A391G:p.S131G,",1,.,RS2794340,0.90418,0.8421,375_hom,62_het,PASS,222,"DP=99;VDB=0.0265;AF1=1;AC1=2;DP4=0,0,47,52;MQ=60;FQ=-282",GT:PL:DP:SP:GQ,"1/1:255,255,0:99:0:99"
S2514,chr1,3511934,3511934,A,G,HET,exonic,MEGF6,nonsynonymous SNV,"MEGF6:NM_001409:exon3:c.T344C:p.M115T,",0.91,.,RS7513275,0.15689,0.2194,18_hom,146_het,PASS,225,"DP=148;VDB=0.0174;AF1=0.5;AC1=1;DP4=44,22,50,30;MQ=60;FQ=207;PV4=0.73,1,1,1",GT:PL:DP:SP:GQ,"0/1:255,0,234:146:1:99"
S2514,chr1,3807593,3807593,G,C,HOM,exonic,C1orf174,nonsynonymous SNV,"C1orf174:NM_207356:exon3:c.C158G:p.T53R,",1,.,RS4274008,0.994075,0.9973,636_hom,12_het,PASS,222,"DP=93;VDB=0.0264;AF1=1;AC1=2;DP4=0,0,41,52;MQ=60;FQ=-282",GT:PL:DP:SP:GQ,"1/1:255,255,0:93:0:99"
S2514,chr1,6184092,6184092,A,G,HOM,exonic,CHD5,nonsynonymous SNV,"CHD5:NM_015557:exon31:c.T4615C:p.S1539P,",0.28,.,RS2843493,0.587959,0.702,245_hom,292_het,PASS,222,"DP=141;VDB=0.0174;AF1=1;AC1=2;DP4=1,0,84,55;MQ=60;FQ=-282;PV4=1,1,1,0.32",GT:PL:DP:SP:GQ,"1/1:255,255,0:140:0:99"
S2514,chr1,6278414,6278414,A,G,HET,exonic,RNF207,nonsynonymous SNV,"RNF207:NM_207396:exon17:c.A1718G:p.N573S,",0.77,.,RS709209,0.451166,0.3953,90_hom,269_het,PASS,216,"DP=177;VDB=0.0281;AF1=0.5;AC1=1;DP4=52,56,34,35;MQ=60;FQ=219;PV4=1,1,1,0.25",GT:PL:DP:SP:GQ,"0/1:246,0,255:177:0:99"
S2514,chr1,6279370,6279370,G,C,HET,exonic,RNF207,nonsynonymous SNV,"RNF207:NM_207396:exon18:c.G1808C:p.G603A,",0.62,.,RS846111,0.199431,0.1741,44_hom,223_het,PASS,225,"DP=79;VDB=0.0178;AF1=0.5;AC1=1;DP4=14,22,14,29;MQ=60;FQ=225;PV4=0.64,0.1,1,0.25",GT:PL:DP:SP:GQ,"0/1:255,0,255:79:2:99"
S2514,chr1,6313938,6313938,C,T,HET,exonic,GPR153,nonsynonymous SNV,"GPR153:NM_207370:exon3:c.G626A:p.R209H,",0.31,.,RS12735670,.,0.6879,266_hom,211_het,PASS,225,"DP=82;VDB=0.0257;AF1=0.5;AC1=1;DP4=18,14,21,27;MQ=60;FQ=208;PV4=0.36,0.0041,1,1",GT:PL:DP:SP:GQ,"0/1:255,0,235:80:4:99"
S2514,chr1,6614391,6614391,A,C,HOM,exonic,NOL9,nonsynonymous SNV,"NOL9:NM_024654:exon1:c.T172G:p.S58A,",1,.,RS6693391,0.961256,0.955,279_hom,1_het,PASS,222,"DP=38;VDB=0.0269;AF1=1;AC1=2;DP4=0,0,22,16;MQ=60;FQ=-141",GT:PL:DP:SP:GQ,"1/1:255,114,0:38:0:99"
S2514,chr1,6614415,6614415,A,G,HOM,exonic,NOL9,nonsynonymous SNV,"NOL9:NM_024654:exon1:c.T148C:p.W50R,",1,.,RS6693400,0.972997,0.9783,328_hom,1_het,PASS,222,"DP=42;VDB=0.0265;AF1=1;AC1=2;DP4=0,0,18,24;MQ=60;FQ=-153",GT:PL:DP:SP:GQ,"1/1:255,126,0:42:0:99"
S2514,chr1,6635231,6635231,A,G,HOM,exonic,TAS1R1,nonsynonymous SNV,"TAS1R1:NM_138697:exon3:c.A1039G:p.K347E,",0.78,.,RS10864628,0.919729,0.9397,653_hom,10_het,PASS,222,"DP=204;VDB=0.0249;AF1=1;AC1=2;DP4=0,0,125,78;MQ=60;FQ=-282",GT:PL:DP:SP:GQ,"1/1:255,255,0:203:0:99"
S2514,chr1,6693097,6693097,A,G,HET,exonic,THAP3,nonsynonymous SNV,"THAP3:NM_001195752:exon5:c.A677G:p.Q226R,THAP3:NM_001195753:exon6:c.A680G:p.Q227R,",0.07,.,RS3174820,0.333043,0.3323,70_hom,229_het,PASS,225,"DP=77;VDB=0.0127;AF1=0.5;AC1=1;DP4=5,20,14,37;MQ=60;FQ=141;PV4=0.58,1,1,1",GT:PL:DP:SP:GQ,"0/1:255,0,168:76:2:99"
S2514,chr1,7797503,7797503,C,G,HET,exonic,CAMTA1,nonsynonymous SNV,"CAMTA1:NM_015215:exon15:c.C3531G:p.N1177K,",0.84,.,RS41278952,0.099569,0.0914,9_hom,165_het,PASS,225,"DP=229;VDB=0.0260;AF1=0.5;AC1=1;DP4=53,58,62,52;MQ=60;FQ=225;PV4=0.35,1,1,0.19",GT:PL:DP:SP:GQ,"0/1:255,0,255:225:5:99"
S2514,chr1,7887493,7887493,T,C,HET,exonic,PER3,nonsynonymous SNV,"PER3:NM_001289863:exon18:c.T2483C:p.L828P,PER3:NM_001289864:exon18:c.T1547C:p.L516P,PER3:NM_016831:exon18:c.T2480C:p.L827P,PER3:NM_001289861:exon18:c.T2504C:p.L835P,PER3:NM_001289862:exon18:c.T2504C:p.L835P,",0.33,.,RS228696,0.961018,0.9694,618_hom,39_het,PASS,224,"DP=239;VDB=0.0254;AF1=0.5;AC1=1;DP4=74,68,50,46;MQ=60;FQ=224;PV4=1,1,1,1",GT:PL:DP:SP:GQ,"0/1:254,0,255:238:0:99"
S2514,chr1,7913029,7913029,A,G,HET,exonic,UTS2,nonsynonymous SNV,"UTS2:NM_006786:exon1:c.T35C:p.I12T,",0.08,.,RS34305100,0.142703,0.1065,23_hom,183_het,PASS,225,"DP=58;VDB=0.0123;AF1=0.5;AC1=1;DP4=13,10,20,14;MQ=60;FQ=190;PV4=1,1,1,1",GT:PL:DP:SP:GQ,"0/1:255,0,217:57:0:99"
S2514,chr1,8395560,8395560,G,T,HET,exonic,SLC45A1,nonsynonymous SNV,"SLC45A1:NM_001080397:exon6:c.G1609T:p.A537S,",1,.,RS7535752,0.161925,0.1101,33_hom,183_het,PASS,225,"DP=289;VDB=0.0187;AF1=0.5;AC1=1;DP4=51,87,63,84;MQ=60;FQ=225;PV4=0.33,0.12,1,1",GT:PL:DP:SP:GQ,"0/1:255,0,255:285:5:99"
S2514,chr1,9009444,9009444,A,C,HOM,exonic,CA6,nonsynonymous SNV,"CA6:NM_001270500:exon2:c.A202C:p.M68L,CA6:NM_001215:exon2:c.A202C:p.M68L,",0.84,.,RS2274328,0.531139,0.4938,170_hom,318_het,PASS,222,"DP=137;VDB=0.0245;AF1=1;AC1=2;DP4=0,0,63,73;MQ=60;FQ=-282",GT:PL:DP:SP:GQ,"1/1:255,255,0:136:0:99"
S2514,chr1,9670834,9670834,C,T,HOM,exonic,TMEM201,nonsynonymous SNV,"TMEM201:NM_001130924:exon9:c.C1736T:p.P579L,",0.3,.,RS4926472,0.730837,0.6846,124_hom,68_het,PASS,222,"DP=60;VDB=0.0127;AF1=1;AC1=2;DP4=0,0,24,36;MQ=60;FQ=-208",GT:PL:DP:SP:GQ,"1/1:255,181,0:60:0:99"
S2514,chr1,11561593,11561593,G,A,HET,exonic,PTCHD2,nonsynonymous SNV,"PTCHD2:NM_020780:exon2:c.G544A:p.G182S,",0.23,.,RS2817580,0.513046,0.4362,195_hom,246_het,PASS,175,"DP=128;VDB=0.0230;AF1=0.5;AC1=1;DP4=49,33,26,19;MQ=60;FQ=178;PV4=0.85,0.2,1,1",GT:PL:DP:SP:GQ,"0/1:205,0,255:127:1:99"
S2514,chr1,11579504,11579504,G,C,HET,exonic,PTCHD2,nonsynonymous SNV,"PTCHD2:NM_020780:exon8:c.G1982C:p.G661A,",0.25,.,RS2072993,0.13146,0.1865,13_hom,148_het,PASS,203,"DP=140;VDB=0.0245;AF1=0.5;AC1=1;DP4=49,36,33,21;MQ=60;FQ=206;PV4=0.73,0.18,1,1",GT:PL:DP:SP:GQ,"0/1:233,0,255:139:1:99"
S2514,chr1,11710561,11710561,T,G,HET,exonic,FBXO2,nonsynonymous SNV,"FBXO2:NM_012168:exon2:c.A353C:p.K118T,",0.35,.,RS9614,0.183392,0.2516,28_hom,146_het,PASS,225,"DP=147;VDB=0.0250;AF1=0.5;AC1=1;DP4=41,38,36,32;MQ=60;FQ=225;PV4=1,1,1,0.15",GT:PL:DP:SP:GQ,"0/1:255,0,255:147:0:99"
S2514,chr1,11826630,11826630,C,T,HOM,exonic,C1orf167,nonsynonymous SNV,"C1orf167:NM_001010881:exon3:c.C787T:p.P263S,",0.53,.,RS6668699,.,0.6895,52_hom,56_het,PASS,222,"DP=119;VDB=0.0264;AF1=1;AC1=2;DP4=0,0,68,47;MQ=60;FQ=-282",GT:PL:DP:SP:GQ,"1/1:255,255,0:115:0:99"
S2514,chr1,11828238,11828238,G,A,HOM,exonic,C1orf167,nonsynonymous SNV,"C1orf167:NM_001010881:exon5:c.G1448A:p.R483Q,",0.7,.,RS4845880,.,0.6682,199_hom,176_het,PASS,222,"DP=134;VDB=0.0219;AF1=1;AC1=2;DP4=0,0,67,65;MQ=60;FQ=-282",GT:PL:DP:SP:GQ,"1/1:255,255,0:132:0:99"
S2514,chr1,11828319,11828319,G,A,HOM,exonic,C1orf167,nonsynonymous SNV,"C1orf167:NM_001010881:exon5:c.G1529A:p.R510Q,",0.48,.,RS4845881,.,0.6739,207_hom,180_het,PASS,222,"DP=145;VDB=0.0260;AF1=1;AC1=2;DP4=0,0,63,82;MQ=60;FQ=-282",GT:PL:DP:SP:GQ,"1/1:255,255,0:145:0:99"
S2514,chr1,11831615,11831615,C,T,HOM,exonic,C1orf167,nonsynonymous SNV,"C1orf167:NM_001010881:exon7:c.C1732T:p.R578W,",0.12,.,RS6667720,.,0.7373,211_hom,173_het,PASS,222,"DP=90;VDB=0.0264;AF1=1;AC1=2;DP4=0,0,43,47;MQ=60;FQ=-282",GT:PL:DP:SP:GQ,"1/1:255,255,0:90:0:99"
S2514,chr1,11836628,11836628,T,C,HOM,exonic,C1orf167,nonsynonymous SNV,"C1orf167:NM_001010881:exon10:c.T2272C:p.W758R,",0.92,.,RS6699881,.,0.7394,55_hom,45_het,PASS,222,"DP=114;VDB=0.0198;AF1=1;AC1=2;DP4=0,0,40,74;MQ=60;FQ=-282",GT:PL:DP:SP:GQ,"1/1:255,255,0:114:0:99"
S2514,chr1,11836682,11836682,C,T,HET,exonic,C1orf167,nonsynonymous SNV,"C1orf167:NM_001010881:exon10:c.C2326T:p.R776C,",0.17,.,RS7538516,.,0.6431,40_hom,54_het,PASS,217,"DP=51;VDB=0.0241;AF1=0.5;AC1=1;DP4=3,15,10,21;MQ=60;FQ=141;PV4=0.32,0.065,1,0.43",GT:PL:DP:SP:GQ,"0/1:247,0,168:49:5:99"
S2514,chr1,11838841,11838841,A,G,HET,exonic,C1orf167,nonsynonymous SNV,"C1orf167:NM_001010881:exon11:c.A2464G:p.S822G,",0.05,.,RS56001051,.,0.0985,4_hom,92_het,PASS,225,"DP=130;VDB=0.0214;AF1=0.5;AC1=1;DP4=29,30,30,35;MQ=60;FQ=212;PV4=0.86,1,1,0.4",GT:PL:DP:SP:GQ,"0/1:255,0,239:124:1:99"
S2514,chr1,11838848,11838848,G,T,HET,exonic,C1orf167,nonsynonymous SNV,"C1orf167:NM_001010881:exon11:c.G2471T:p.S824I,",0.08,.,RS6697244,.,0.6438,173_hom,212_het,PASS,216,"DP=123;VDB=0.0275;AF1=0.5;AC1=1;DP4=28,32,29,30;MQ=60;FQ=219;PV4=0.86,0.025,1,1",GT:PL:DP:SP:GQ,"0/1:246,0,255:119:1:99"
S2514,chr1,11839923,11839923,C,T,HET,exonic,C1orf167,nonsynonymous SNV,"C1orf167:NM_001010881:exon13:c.C2716T:p.R906W,",0.18,.,RS12561919,.,0.107,4_hom,30_het,PASS,198,"DP=52;VDB=0.0257;AF1=0.5;AC1=1;DP4=15,13,11,12;MQ=60;FQ=201;PV4=0.78,0.0019,1,1",GT:PL:DP:SP:GQ,"0/1:228,0,255:51:1:99"
S2514,chr1,11839966,11839966,G,A,HET,exonic,C1orf167,nonsynonymous SNV,"C1orf167:NM_001010881:exon13:c.G2759A:p.R920H,",0.18,.,RS4846043,.,0.6431,49_hom,55_het,PASS,198,"DP=39;VDB=0.0236;AF1=0.5;AC1=1;DP4=10,9,10,10;MQ=60;FQ=198;PV4=1,0.17,1,0.24",GT:PL:DP:SP:GQ,"0/1:228,0,228:39:0:99"
S2514,chr1,11839998,11839998,T,C,HOM,exonic,C1orf167,nonsynonymous SNV,"C1orf167:NM_001010881:exon13:c.T2791C:p.W931R,",0.94,.,RS4846044,.,0.8981,104_hom,15_het,PASS,222,"DP=33;VDB=0.0275;AF1=1;AC1=2;DP4=0,0,15,18;MQ=60;FQ=-126",GT:PL:DP:SP:GQ,"1/1:255,99,0:33:0:99"
S2514,chr1,11845222,11845222,T,C,HET,exonic,C1orf167,nonsynonymous SNV,"C1orf167:NM_001010881:exon16:c.T3443C:p.V1148A,",0.06,.,RS55867221,.,0.0995,1_hom,11_het,PASS,195,"DP=53;VDB=0.0272;AF1=0.5;AC1=1;DP4=15,13,14,8;MQ=60;FQ=198;PV4=0.57,1,1,0.35",GT:PL:DP:SP:GQ,"0/1:225,0,247:50:2:99"
S2514,chr1,11849447,11849447,A,G,HOM,exonic,C1orf167,nonsynonymous SNV,"C1orf167:NM_001010881:exon21:c.A4294G:p.R1432G,",0.35,.,RS868014,.,0.9448,374_hom,10_het,PASS,222,"DP=54;VDB=0.0262;AF1=1;AC1=2;DP4=0,0,28,25;MQ=60;FQ=-187",GT:PL:DP:SP:GQ,"1/1:255,160,0:53:0:99"
S2514,chr1,11854476,11854476,T,G,HET,exonic,MTHFR,nonsynonymous SNV,"MTHFR:NM_005957:exon8:c.A1286C:p.E429A,",0.12,.,RS1801131,0.259573,0.2295,60_hom,290_het,PASS,225,"DP=156;VDB=0.0230;AF1=0.5;AC1=1;DP4=45,38,35,36;MQ=60;FQ=224;PV4=0.63,1,1,1",GT:PL:DP:SP:GQ,"0/1:255,0,254:154:2:99"
S2514,chr1,11884555,11884555,A,G,HOM,exonic,CLCN6,nonsynonymous SNV,"CLCN6:NM_001256959:exon7:c.A527G:p.E176G,CLCN6:NM_001286:exon8:c.A593G:p.E198G,",1,.,RS198400,0.999154,0.9995,655_hom,1_het,PASS,222,"DP=119;VDB=0.0240;AF1=1;AC1=2;DP4=0,0,58,59;MQ=60;FQ=-282",GT:PL:DP:SP:GQ,"1/1:255,255,0:117:0:99"
S2514,chr1,12082926,12082926,A,G,HET,exonic,MIIP,nonsynonymous SNV,"MIIP:NM_021933:exon4:c.A499G:p.K167E,",0.99,.,RS2295283,0.738275,0.6591,317_hom,242_het,PASS,225,"DP=74;VDB=0.0205;AF1=0.5;AC1=1;DP4=10,17,15,30;MQ=60;FQ=187;PV4=0.8,1,1,1",GT:PL:DP:SP:GQ,"0/1:255,0,214:72:1:99"
S2514,chr1,12175729,12175729,C,T,HOM,exonic,TNFRSF8,nonsynonymous SNV,"TNFRSF8:NM_001243:exon8:c.C889T:p.R297C,TNFRSF8:NM_001281430:exon7:c.C556T:p.R186C,",1,.,RS1763642,.,1,650_hom,.,PASS,222,"DP=145;VDB=0.0245;AF1=1;AC1=2;DP4=0,0,78,65;MQ=60;FQ=-282",GT:PL:DP:SP:GQ,"1/1:255,255,0:143:0:99"
S2514,chr1,12339619,12339619,A,T,HET,exonic,VPS13D,nonsynonymous SNV,"VPS13D:NM_018156:exon20:c.A4514T:p.E1505V,VPS13D:NM_015378:exon20:c.A4514T:p.E1505V,",0.09,.,RS4845898,0.166077,0.1712,27_hom,233_het,PASS,155,"DP=51;VDB=0.0275;AF1=0.5;AC1=1;DP4=16,17,9,9;MQ=60;FQ=158;PV4=1,0.066,1,0.26",GT:PL:DP:SP:GQ,"0/1:185,0,255:51:0:99"
S2514,chr1,12776344,12776344,A,T,HOM,exonic,AADACL3,unknown,UNKNOWN,1,.,RS3000859,0.726267,0.6814,398_hom,187_het,PASS,222,"DP=163;VDB=0.0240;AF1=1;AC1=2;DP4=0,0,86,77;MQ=60;FQ=-282",GT:PL:DP:SP:GQ,"1/1:255,255,0:163:0:99"
S2514,chr1,12779618,12779618,T,C,HOM,exonic,AADACL3,unknown,UNKNOWN,1,.,RS3010877,0.857479,0.8518,409_hom,173_het,PASS,222,"DP=113;VDB=0.0186;AF1=1;AC1=2;DP4=0,0,39,74;MQ=60;FQ=-282",GT:PL:DP:SP:GQ,"1/1:255,255,0:113:0:99"
S2514,chr1,12785494,12785494,G,T,HOM,exonic,AADACL3,unknown,UNKNOWN,0.6,.,RS7513079,0.667115,0.7007,310_hom,233_het,PASS,222,"DP=134;VDB=0.0268;AF1=1;AC1=2;DP4=0,0,51,75;MQ=60;FQ=-282",GT:PL:DP:SP:GQ,"1/1:255,255,0:126:0:99"
S2514,chr1,12820870,12820870,T,C,HOM,exonic,C1orf158,nonsynonymous SNV,"C1orf158:NM_152290:exon4:c.T571C:p.F191L,",0.84,.,RS1132185,0.824619,0.83,407_hom,220_het,PASS,222,"DP=134;VDB=0.0161;AF1=1;AC1=2;DP4=0,0,40,94;MQ=60;FQ=-282",GT:PL:DP:SP:GQ,"1/1:255,255,0:134:0:99"
S2514,chr1,12835868,12835868,T,C,HOM,exonic,PRAMEF12,nonsynonymous SNV,"PRAMEF12:NM_001080830:exon2:c.T470C:p.M157T,",1,.,RS1812242,0.736814,0.7381,421_hom,211_het,PASS,222,"DP=136;VDB=0.0273;AF1=1;AC1=2;DP4=0,0,55,80;MQ=60;FQ=-282",GT:PL:DP:SP:GQ,"1/1:255,255,0:135:0:99"
S2514,chr1,12854188,12854188,T,C,HET,exonic,PRAMEF1,nonsynonymous SNV,"PRAMEF1:NM_023013:exon3:c.T412C:p.C138R,",0.15,.,RS76030350,.,.,.,45_het,PASS,68,"DP=135;VDB=0.0271;AF1=0.5;AC1=1;DP4=44,59,15,16;MQ=55;FQ=71;PV4=0.68,1,1.5e-29,0.056",GT:PL:DP:SP:GQ,"0/1:98,0,216:134:2:99"
S2514,chr1,12854428,12854428,C,T,HET,exonic,PRAMEF1,nonsynonymous SNV,"PRAMEF1:NM_023013:exon3:c.C652T:p.P218S,",0.74,.,RS1769774,0.282485,0.2843,11_hom,248_het,PASS,195,"DP=135;VDB=0.0226;AF1=0.5;AC1=1;DP4=44,37,28,25;MQ=60;FQ=198;PV4=1,0.0094,1,1",GT:PL:DP:SP:GQ,"0/1:225,0,255:134:0:99"
S2514,chr1,12854530,12854530,C,G,HOM,exonic,PRAMEF1,nonsynonymous SNV,"PRAMEF1:NM_023013:exon3:c.C754G:p.Q252E,",1,.,RS1063776,0.872808,0.8686,442_hom,127_het,PASS,222,"DP=129;VDB=0.0245;AF1=1;AC1=2;DP4=0,0,50,79;MQ=60;FQ=-282",GT:PL:DP:SP:GQ,"1/1:255,255,0:129:0:99"
S2514,chr1,12855835,12855835,C,G,HOM,exonic,PRAMEF1,nonsynonymous SNV,"PRAMEF1:NM_001294139:exon2:c.C380G:p.A127G,PRAMEF1:NM_023013:exon4:c.C1115G:p.A372G,",0.14,.,RS1063795,.,0.8304,538_hom,1_het,PASS,222,"DP=185;VDB=0.0231;AF1=1;AC1=2;DP4=0,0,77,107;MQ=57;FQ=-282",GT:PL:DP:SP:GQ,"1/1:255,255,0:184:0:99"
S2514,chr1,12855878,12855878,A,C,HET,exonic,PRAMEF1,nonsynonymous SNV,"PRAMEF1:NM_001294139:exon2:c.A423C:p.R141S,PRAMEF1:NM_023013:exon4:c.A1158C:p.R386S,",0.05,.,RS1052908,.,.,40_hom,87_het,PASS,147,"DP=164;VDB=0.0193;AF1=0.5;AC1=1;DP4=55,60,16,33;MQ=55;FQ=150;PV4=0.086,1,1,0.34",GT:PL:DP:SP:GQ,"0/1:177,0,240:164:11:99"
S2514,chr1,12856010,12856010,C,G,HET,exonic,PRAMEF1,nonsynonymous SNV,"PRAMEF1:NM_001294139:exon2:c.C555G:p.F185L,PRAMEF1:NM_023013:exon4:c.C1290G:p.F430L,",0.58,.,RS61775053,.,.,.,411_het,PASS,136,"DP=191;VDB=0.0178;AF1=0.5;AC1=1;DP4=63,69,30,28;MQ=49;FQ=139;PV4=0.64,0.34,1,1",GT:PL:DP:SP:GQ,"0/1:166,0,252:190:2:99"
S2514,chr1,12887549,12887549,T,C,HOM,exonic,PRAMEF11,unknown,UNKNOWN,0.32,.,RS2994114,.,.,377_hom,173_het,PASS,222,"DP=398;VDB=0.0273;AF1=1;AC1=2;DP4=0,0,203,190;MQ=59;FQ=-282",GT:PL:DP:SP:GQ,"1/1:255,255,0:393:0:99"
S2514,chr1,12907379,12907379,T,C,HET,exonic,"HNRNPCL1,LOC649330",nonsynonymous SNV,"HNRNPCL1:NM_001013631:exon2:c.A764G:p.D255G,LOC649330:NM_001146181:exon1:c.A764G:p.D255G,",0.3,.,RS74055698,.,0.3189,22_hom,300_het,PASS,225,"DP=143;VDB=0.0173;AF1=0.5;AC1=1;DP4=43,25,45,30;MQ=60;FQ=218;PV4=0.73,1,1,1",GT:PL:DP:SP:GQ,"0/1:255,0,245:143:1:99"
S2514,chr1,12918963,12918963,G,T,HET,exonic,PRAMEF2,nonsynonymous SNV,"PRAMEF2:NM_023014:exon2:c.G99T:p.R33S,",0.09,.,RS9661554,0.119363,0.0997,13_hom,122_het,PASS,209,"DP=116;VDB=0.0257;AF1=0.5;AC1=1;DP4=35,26,32,19;MQ=60;FQ=212;PV4=0.7,0.13,1,0.097",GT:PL:DP:SP:GQ,"0/1:239,0,255:112:2:99"
S2514,chr1,12919064,12919064,T,G,HET,exonic,PRAMEF2,nonsynonymous SNV,"PRAMEF2:NM_023014:exon2:c.T200G:p.V67G,",1,.,RS3204790,0.153917,0.2227,19_hom,172_het,PASS,225,"DP=145;VDB=0.0198;AF1=0.5;AC1=1;DP4=30,39,36,37;MQ=60;FQ=224;PV4=0.51,1,1,1",GT:PL:DP:SP:GQ,"0/1:255,0,253:142:3:99"
S2514,chr1,12919079,12919079,C,G,HET,exonic,PRAMEF2,nonsynonymous SNV,"PRAMEF2:NM_023014:exon2:c.C215G:p.T72R,",0.35,.,RS9659529,0.121825,0.1051,10_hom,124_het,PASS,225,"DP=138;VDB=0.0173;AF1=0.5;AC1=1;DP4=29,37,34,37;MQ=60;FQ=225;PV4=0.73,1,1,1",GT:PL:DP:SP:GQ,"0/1:255,0,255:137:1:99"
S2514,chr1,12919624,12919624,C,G,HET,exonic,PRAMEF2,nonsynonymous SNV,"PRAMEF2:NM_023014:exon3:c.C364G:p.L122V,",0.57,.,RS80027487,0.028851,0.0754,11_hom,106_het,PASS,225,"DP=135;VDB=0.0187;AF1=0.5;AC1=1;DP4=34,38,31,31;MQ=58;FQ=225;PV4=0.86,1,6.7e-06,1",GT:PL:DP:SP:GQ,"0/1:255,0,255:134:1:99"
S2514,chr1,12919928,12919928,A,G,HET,exonic,PRAMEF2,nonsynonymous SNV,"PRAMEF2:NM_023014:exon3:c.A668G:p.K223R,",0.24,.,RS72472698,0.122113,0.1065,13_hom,115_het,PASS,218,"DP=117;VDB=0.0230;AF1=0.5;AC1=1;DP4=37,33,21,26;MQ=60;FQ=220;PV4=0.45,1,1,1",GT:PL:DP:SP:GQ,"0/1:248,0,254:117:3:99"
S2514,chr1,12921132,12921132,A,G,HET,exonic,PRAMEF2,nonsynonymous SNV,"PRAMEF2:NM_023014:exon4:c.A923G:p.E308G,",0.21,.,RS12139550,0.120711,0.1059,11_hom,115_het,PASS,220,"DP=174;VDB=0.0214;AF1=0.5;AC1=1;DP4=59,44,40,30;MQ=60;FQ=222;PV4=1,1,1,1",GT:PL:DP:SP:GQ,"0/1:250,0,255:173:0:99"
S2514,chr1,12921332,12921332,T,C,HET,exonic,PRAMEF2,nonsynonymous SNV,"PRAMEF2:NM_023014:exon4:c.T1123C:p.C375R,",1,.,RS17039307,.,.,40_hom,213_het,PASS,225,"DP=263;VDB=0.0254;AF1=0.5;AC1=1;DP4=49,48,94,68;MQ=59;FQ=180;PV4=0.25,1,0.00052,1",GT:PL:DP:SP:GQ,"0/1:255,0,207:259:6:99"
S2514,chr1,12921485,12921485,A,G,HET,exonic,PRAMEF2,nonsynonymous SNV,"PRAMEF2:NM_023014:exon4:c.A1276G:p.N426D,",0.24,.,RS200757322,.,.,.,2_het,PASS,81,"DP=89;VDB=0.0083;AF1=0.5;AC1=1;DP4=9,57,4,18;MQ=52;FQ=84;PV4=0.73,0.38,0.093,1",GT:PL:DP:SP:GQ,"0/1:111,0,223:88:1:99"
S2514,chr1,12921539,12921539,T,G,HOM,exonic,PRAMEF2,nonsynonymous SNV,"PRAMEF2:NM_023014:exon4:c.T1330G:p.F444V,",0.67,.,RS142594496,0.053421,0.2443,37_hom,32_het,PASS,134,"DP=23;VDB=0.0193;AF1=1;AC1=2;DP4=0,1,1,21;MQ=47;FQ=-66;PV4=1,1,1,0.22",GT:PL:DP:SP:GQ,"1/1:167,39,0:23:0:75"
S2514,chr1,12921576,12921576,C,T,HET,exonic,PRAMEF2,nonsynonymous SNV,"PRAMEF2:NM_023014:exon4:c.C1367T:p.P456L,",0.19,.,RS143879460,.,0.0799,.,28_het,PASS,82,"DP=13;VDB=0.0264;AF1=0.5;AC1=1;DP4=1,5,1,6;MQ=46;FQ=78;PV4=1,0.029,0.095,0.31",GT:PL:DP:SP:GQ,"0/1:112,0,106:13:0:99"
S2514,chr1,12939426,12939426,T,C,HET,exonic,PRAMEF4,nonsynonymous SNV,"PRAMEF4:NM_001009611:exon4:c.A1376G:p.Y459C,",0.08,.,RS200198132,.,.,12_hom,80_het,PASS,170,"DP=89;VDB=0.0136;AF1=0.5;AC1=1;DP4=40,12,29,7;MQ=49;FQ=173;PV4=0.79,1,1,0.39",GT:PL:DP:SP:GQ,"0/1:200,0,242:88:1:99"
S2514,chr1,12939440,12939440,C,G,HET,exonic,PRAMEF4,nonsynonymous SNV,"PRAMEF4:NM_001009611:exon4:c.G1362C:p.L454F,",0.31,.,RS145987835,.,.,9_hom,85_het,PASS,188,"DP=99;VDB=0.0152;AF1=0.5;AC1=1;DP4=44,12,32,10;MQ=50;FQ=191;PV4=0.81,0.31,1,1",GT:PL:DP:SP:GQ,"0/1:218,0,240:98:1:99"
S2514,chr1,12939664,12939664,A,T,HET,exonic,PRAMEF4,nonsynonymous SNV,"PRAMEF4:NM_001009611:exon4:c.T1138A:p.F380I,",0.13,.,RS78455617,0.125359,0.1282,14_hom,112_het,PASS,225,"DP=165;VDB=0.0273;AF1=0.5;AC1=1;DP4=38,39,33,53;MQ=56;FQ=219;PV4=0.21,0.15,1,0.23",GT:PL:DP:SP:GQ,"0/1:255,0,246:163:7:99"
S2514,chr1,12942119,12942119,C,T,HOM,exonic,PRAMEF4,nonsynonymous SNV,"PRAMEF4:NM_001009611:exon3:c.G431A:p.R144K,",0.7,.,RS75355616,0.241231,0.2172,92_hom,153_het,PASS,222,"DP=158;VDB=0.0272;AF1=1;AC1=2;DP4=1,1,81,74;MQ=56;FQ=-282;PV4=1,0.43,1,1",GT:PL:DP:SP:GQ,"1/1:255,255,0:157:0:99"
S2514,chr1,12942961,12942961,A,C,HET,exonic,PRAMEF4,nonsynonymous SNV,"PRAMEF4:NM_001009611:exon2:c.T255G:p.D85E,",0.43,.,RS4625290,0.116293,0.1,16_hom,119_het,PASS,188,"DP=100;VDB=0.0241;AF1=0.5;AC1=1;DP4=38,24,20,16;MQ=57;FQ=191;PV4=0.67,1,7.8e-06,1",GT:PL:DP:SP:GQ,"0/1:218,0,249:98:2:99"
S2514,chr1,12943038,12943038,A,C,HET,exonic,PRAMEF4,nonsynonymous SNV,"PRAMEF4:NM_001009611:exon2:c.T178G:p.S60A,",1,.,RS3121081,.,0.163,40_hom,132_het,PASS,52,"DP=115;VDB=0.0161;AF1=0.5;AC1=1;DP4=45,44,7,17;MQ=57;FQ=55;PV4=0.069,1,5.1e-12,0.49",GT:PL:DP:SP:GQ,"0/1:82,0,212:113:12:85"
S2514,chr1,12943200,12943200,A,G,HET,exonic,PRAMEF4,nonsynonymous SNV,"PRAMEF4:NM_001009611:exon2:c.T16C:p.W6R,",0.88,.,RS3121079,.,.,11_hom,26_het,PASS,88,"DP=41;VDB=0.0005;AF1=0.5;AC1=1;DP4=12,18,5,5;MQ=58;FQ=91;PV4=0.72,1,0.00037,1",GT:PL:DP:SP:GQ,"0/1:118,0,249:40:1:99"
S2514,chr1,12979845,12979845,T,C,HET,exonic,"PRAMEF7,PRAMEF8",nonsynonymous SNV,"PRAMEF8:NM_001012276:exon4:c.T1037C:p.V346A,PRAMEF7:NM_001012277:exon4:c.T1037C:p.V346A,",0.22,.,RS142026718,0.181082,.,8_hom,274_het,PASS,225,"DP=104;VDB=0.0226;AF1=0.5;AC1=1;DP4=18,19,29,38;MQ=46;FQ=171;PV4=0.68,1,1,0.27",GT:PL:DP:SP:GQ,"0/1:255,0,198:104:2:99"
S2514,chr1,13001186,13001186,C,T,HET,exonic,"PRAMEF6,PRAMEF9",nonsynonymous SNV,"PRAMEF6:NM_001010889:exon3:c.G497A:p.C166Y,",1,.,RS200795385,.,.,128_hom,432_het,PASS,199,"DP=308;VDB=0.0116;AF1=0.5;AC1=1;DP4=114,53,102,35;MQ=49;FQ=202;PV4=0.25,0.00037,1,1",GT:PL:DP:SP:GQ,"0/1:229,0,255:304:6:99"
S2514,chr1,13001312,13001312,C,G,HET,exonic,"PRAMEF6,PRAMEF9",nonsynonymous SNV,"PRAMEF6:NM_001010889:exon3:c.G371C:p.C124S,",0.09,.,RS76131424,.,.,46_hom,503_het,PASS,225,"DP=585;VDB=0.0203;AF1=0.5;AC1=1;DP4=138,185,105,149;MQ=56;FQ=225;PV4=0.8,0.27,1,1",GT:PL:DP:SP:GQ,"0/1:255,0,255:577:1:99"
S2514,chr1,13036587,13036587,C,T,HOM,exonic,"LOC391003,PRAMEF22",nonsynonymous SNV,"LOC391003:NM_001099850:exon2:c.C653T:p.P218L,PRAMEF22:NM_001100631:exon2:c.C659T:p.P220L,",0.38,.,RS77788641,.,.,262_hom,334_het,PASS,222,"DP=105;VDB=0.0240;AF1=1;AC1=2;DP4=0,0,48,57;MQ=48;FQ=-282",GT:PL:DP:SP:GQ,"1/1:255,255,0:105:0:99"
S2514,chr1,13036736,13036736,T,A,HOM,exonic,"LOC391003,PRAMEF22",nonsynonymous SNV,"LOC391003:NM_001099850:exon2:c.T802A:p.Y268N,PRAMEF22:NM_001100631:exon2:c.T808A:p.Y270N,",1,.,RS202011965,.,.,.,.,PASS,40,"DP=4;VDB=0.0011;AF1=1;AC1=2;DP4=0,0,0,3;MQ=29;FQ=-36",GT:PL:DP:SP:GQ,"1/1:72,9,0:3:0:16"
S2514,chr1,13448180,13448180,A,G,HOM,exonic,"LOC400736,PRAMEF14",nonsynonymous SNV,"LOC400736:NM_001291380:exon4:c.T1295C:p.L432P,PRAMEF14:NM_001024661:exon4:c.T1295C:p.L432P,",0.44,.,RS199555791,.,.,98_hom,158_het,PASS,121,"DP=19;VDB=0.0002;AF1=1;AC1=2;DP4=0,0,19,0;MQ=46;FQ=-84",GT:PL:DP:SP:GQ,"1/1:154,57,0:19:0:99"